Row No#,dateTime,age,sex,bmi,children,smoker,region,model_choice,prediction
1,2023-04-22 22:06:03.133147,51,male,133.0,2,yes,southwest,Lasso Regression,5700145.69
2,2023-04-22 22:11:45.592751,51,male,133.0,2,no,southwest,Support Vector Regression,763160.78
3,2023-04-22 22:12:48.231035,2,female,133.0,2,no,southeast,Lasso Regression,2712908.15
4,2023-04-23 15:07:33.521382,2,male,133.0,2,no,southwest,Random Forest Regression,503193.26
5,2023-04-23 15:08:31.931580,2,female,133.0,2,yes,southwest,Decision Tree Regression,3453203.32
6,2023-04-23 15:19:56.892173,51,male,133.0,2,no,southwest,Random Forest Regression,836595.27
7,2023-09-04 14:07:40.714628,24,male,34.0,0,yes,southeast,Random Forest Regression,2914677.28
8,2023-09-04 14:28:22.171442,30,male,25.0,2,no,southwest,Decision Tree Regression,371417.11
9,2023-09-04 18:47:59.233244,24,male,34.0,0,yes,southeast,Random Forest Regression,613511.59
10,2023-09-04 18:48:53.420560,26,male,34.0,0,yes,southeast,Random Forest Regression,469306.44
11,2023-09-04 18:59:58.220168,45,female,25.175,2,yes,southwest,Random Forest Regression,2048830.62
12,2023-09-04 21:02:06.961437,26,female,34.0,0,yes,southeast,Random Forest Regression,2899968.56
13,2023-09-04 21:06:09.166090,45,female,34.0,0,yes,southeast,Decision Tree Regression,3514260.72
