Row No#,dateTime,age,sex,bmi,children,smoker,region,model_choice,prediction
1,2023-09-03 18:29:08.130146,26,male,34.0,0,no,southeast,Random Forest Regression,209407.94
2,2023-09-03 18:29:31.622682,26,male,34.0,0,no,southeast,Decision Tree Regression,204757.14
3,2023-09-03 18:29:48.990265,26,male,34.0,0,no,southeast,Linear Regression,427062.3
4,2023-09-03 18:30:04.742684,26,male,34.0,0,no,southeast,Gradient Boosting Regressor,2934539.76
5,2023-09-03 18:47:47.990459,26,male,34.0,0,no,southeast,Gradient Boosting Regressor,2934539.76
6,2023-09-03 18:56:13.655578,26,male,34.0,0,no,southeast,Gradient Boosting Regressor,2934539.76
7,2023-09-03 19:01:15.384813,26,male,34.0,0,no,southeast,Gradient Boosting Regressor,307065.69
