Row No#,dateTime,age,sex,bmi,children,smoker,region,model_choice,prediction
1,2023-09-03 12:08:50.948920,24,male,34.0,0,yes,southeast,Linear Regression,2347936.2
2,2023-09-03 12:09:49.264115,24,male,34.0,0,no,southeast,Random Forest Regression,184434.23
3,2023-09-03 12:14:32.038384,24,male,34.0,0,no,southeast,Random Forest Regression,184434.23
4,2023-09-03 12:18:04.663557,24,male,34.0,0,no,southeast,Random Forest Regression,184434.23
5,2023-09-03 12:20:06.111875,24,male,34.0,0,no,southeast,Decision Tree Regression,162928.54
6,2023-09-03 12:20:11.556414,24,male,34.0,0,no,southeast,Linear Regression,385831.86
7,2023-09-03 12:20:18.197637,24,male,34.0,0,no,southeast,Random Forest Regression,184434.23
8,2023-09-03 13:01:39.804742,24,male,34.0,0,yes,southeast,Random Forest Regression,2914677.28
9,2023-09-03 13:04:34.341844,24,male,34.0,0,yes,southeast,Decision Tree Regression,2824068.18
10,2023-09-03 13:04:51.243895,24,male,34.0,0,no,northwest,Gradient Boosting Regressor,2949771.24
11,2023-09-03 13:06:06.695833,24,male,34.0,0,no,northwest,Linear Regression,438038.58
12,2023-09-03 13:11:33.680541,45,female,25.0,2,no,northwest,Gradient Boosting Regressor,1950535.21
13,2023-09-03 13:54:27.983234,25,male,25.0,0,no,southwest,Gradient Boosting Regressor,1442746.92
