Row No#,dateTime,age,sex,bmi,children,smoker,region,model_choice,prediction
1,2023-09-03 22:36:50.391055,24,male,34.0,0,no,southwest,Gradient Boosting Regressor,317502.57
2,2023-09-03 22:37:55.663802,24,male,34.0,0,no,southwest,Gradient Boosting Regressor,317502.57
3,2023-09-03 22:37:58.502426,24,male,34.0,0,no,southwest,Gradient Boosting Regressor,317502.57
4,2023-09-03 22:38:30.478186,24,male,34.0,0,no,southwest,Gradient Boosting Regressor,317502.57
5,2023-09-03 22:39:57.798255,24,female,34.0,0,no,southeast,Decision Tree Regression,202813.4
6,2023-09-04 14:26:27.746305,24,male,34.0,0,no,southeast,Random Forest Regression,184434.23
7,2023-09-04 14:33:50.855755,26,female,34.0,0,yes,southeast,Random Forest Regression,2929827.05
8,2023-09-04 21:11:06.553453,26,female,25.0,0,yes,southeast,Random Forest Regression,1469643.13
9,2023-09-04 21:11:31.561271,45,female,34.0,0,yes,southeast,Decision Tree Regression,3514260.72
10,2023-09-04 21:11:56.703080,45,female,34.0,0,yes,southeast,Linear Regression,2786503.82
11,2023-09-04 21:12:31.255402,45,female,34.0,0,yes,southeast,Gradient Boosting Regressor,3410069.57
12,2023-09-04 21:14:45.301339,45,female,34.0,0,yes,southeast,Random Forest Regression,3464659.21
13,2023-09-04 21:31:30.636875,45,male,34.0,0,yes,southeast,Gradient Boosting Regressor,3408883.18
14,2023-09-04 21:34:32.845505,45,male,34.0,0,yes,southeast,Gradient Boosting Regressor,3408883.18
15,2023-09-04 21:38:02.003050,45,male,34.0,0,yes,southeast,Gradient Boosting Regressor,3408883.18
16,2023-09-04 21:38:27.584282,45,male,34.0,0,yes,southeast,Gradient Boosting Regressor,3408883.18
17,2023-09-04 21:42:26.741847,45,female,34.0,0,yes,southeast,Gradient Boosting Regressor,3410069.57
18,2023-09-04 21:45:08.941521,45,female,34.0,0,yes,southeast,Gradient Boosting Regressor,3410069.57
19,2023-09-04 21:48:25.486926,45,female,34.0,0,yes,southeast,Gradient Boosting Regressor,3410069.57
20,2023-09-04 21:49:11.325833,45,female,34.0,0,yes,southeast,Gradient Boosting Regressor,3410069.57
21,2023-09-04 21:49:42.131794,45,female,34.0,0,yes,southeast,Gradient Boosting Regressor,3410069.57
22,2023-09-04 21:49:57.192319,45,female,34.0,0,yes,southeast,Gradient Boosting Regressor,3410069.57
23,2023-09-04 21:53:24.157529,45,female,34.0,0,yes,southeast,Gradient Boosting Regressor,3410069.57
24,2023-09-04 21:55:31.293665,45,female,34.0,0,yes,southeast,Gradient Boosting Regressor,3410069.57
25,2023-09-04 21:55:34.606028,45,female,34.0,0,yes,southeast,Gradient Boosting Regressor,3410069.57
26,2023-09-04 21:56:44.206920,45,female,34.0,0,yes,southeast,Gradient Boosting Regressor,3410069.57
27,2023-09-04 21:58:09.933230,45,female,34.0,0,yes,southeast,Gradient Boosting Regressor,3410069.57
