Row No#,dateTime,age,sex,bmi,children,smoker,region,model_choice,prediction
1,2023-09-03 19:20:05.869109,26,male,34.0,0,no,southeast,Random Forest Regression,209407.94
2,2023-09-03 19:20:23.725774,26,male,34.0,0,no,southeast,Gradient Boosting Regressor,307065.69
3,2023-09-03 20:16:24.026843,24,male,34.0,0,yes,southeast,Gradient Boosting Regressor,2931739.37
4,2023-09-03 20:17:18.303633,24,male,34.0,0,yes,southeast,Random Forest Regression,2914677.28
5,2023-09-04 14:13:42.040315,24,male,34.0,0,yes,southeast,Random Forest Regression,2914677.28
6,2023-09-04 14:15:10.293778,24,male,34.0,0,no,southeast,Decision Tree Regression,162928.54
7,2023-09-04 14:16:56.545246,24,male,25.0,0,no,southeast,Random Forest Regression,294905.09
8,2023-09-04 14:17:09.876715,24,male,34.0,0,no,southeast,Linear Regression,385831.86
9,2023-09-04 14:19:49.743380,24,male,34.0,0,no,southwest,Random Forest Regression,173310.94
